<?xml version="1.0" encoding="UTF-8"?>
<Options>
<Group Name = "File">
	<Page Name = "General">
		<AutoSaveInterval>0</AutoSaveInterval>
		<SaveBeforeSimulation>false</SaveBeforeSimulation>
	</Page>

	<Page Name = "FileManager">
<!--FileFolders>&#x0A;Tool bin folder: C:\Cadence\Sigrity2022.1\tools\bin\&#x0A;Install folder: C:\Cadence\Sigrity2022.1\tools&#x0A;Library folder: C:\Cadence\Sigrity2022.1\share\library&#x0A;Model library folder: C:\Cadence\Sigrity2022.1\share\library\circuits&#x0A;Material library folder: C:\Cadence\Sigrity2022.1\share\library\material&#x0A;Script library folder: C:\Cadence\Sigrity2022.1\share\library\script&#x0A;Template library folder: C:\Cadence\Sigrity2022.1\share\library\template\PowerDC&#x0A;Tcl/Tk library folder: C:\Cadence\Sigrity2022.1\share\library\tcl&#x0A;Python library folder: C:\Cadence\Sigrity2022.1\share\library\python&#x0A;Vendor library folder: C:\Cadence\Sigrity2022.1\share\library\decap library&#x0A;Tool output folder: C:\ProgramData\Cadence Design Systems, Inc.\LayoutWorkbench 21.1&#x0A;Tool log folder: C:\ProgramData\Cadence Design Systems, Inc.\LayoutWorkbench 21.1&#x0A;Tool temp folder: C:\Users\YANSHE~1\AppData\Local\Temp\&#x0A;Layout folder: &#x0A;Case output folder: C:\ProgramData\Cadence Design Systems, Inc.\LayoutWorkbench 21.1&#x0A;Case log folder: C:\ProgramData\Cadence Design Systems, Inc.\LayoutWorkbench 21.1&#x0A;Case temp folder: C:\Users\YANSHE~1\AppData\Local\Temp\&#x0A;Allegro padpath: &#x0A;</FileFolders-->
		<LayoutAutoSaveFileName>[$L].spd.auto</LayoutAutoSaveFileName>
		<SimulationAutoSaveOptionFileName>[$C]_Options.xml</SimulationAutoSaveOptionFileName>
		<LayoutErrorFileName>[$L_T].err</LayoutErrorFileName>
		<ElectricalResourceProfileLogName>ResourceProfile.log</ElectricalResourceProfileLogName>
		<OutputMatrixFileTitle>[$C_MDY_hms_P]</OutputMatrixFileTitle>
		<LayoutAutoSaveFileNameBefore>[$L_P]_SavedBeforeSimu.spd.auto</LayoutAutoSaveFileNameBefore>
		<SpiceNetListCktFileName>SpiceNetlist.ckt</SpiceNetListCktFileName>
		<OutputNetworkTemplateName>[$L]_Network_Template.xml</OutputNetworkTemplateName>
		<ImpedanceCouplingCheckingResult>[$C]_Trace/TraceCKResult_[$C_MDY_hms]</ImpedanceCouplingCheckingResult>
		<OutputWindowLogName>OWindowContents.log</OutputWindowLogName>
		<RuntimeErrorLogName>RunTimeError.log</RuntimeErrorLogName>
		<CpuInfoLogName>CPU_Info.log</CpuInfoLogName>
	</Page>

	<Page Name = "SaveOptions">
		<ErrorChecking>false</ErrorChecking>
		<SkipWarningsInErrorLogFile>false</SkipWarningsInErrorLogFile>
		<ShowOptionsWhenSave>false</ShowOptionsWhenSave>
		<ShowOptionsWhenSaveAs>false</ShowOptionsWhenSaveAs>
	</Page>

	<Page Name = "Hotkeys">
<!--AccelTable>&#x0A;Delete the selected objects: Del&#x0A;Transfer tiny shape to pad: Ctrl+Shift+P&#x0A;Transfer trace to shape: Ctrl+Shift+T&#x0A;Simplifies all polygons in this design: Alt+A&#x0A;Create a new document: Ctrl+N&#x0A;Open an existing document: Ctrl+O&#x0A;Print the active document: Ctrl+P&#x0A;Save the active project: Ctrl+S&#x0A;Export to Image File: Ctrl+E&#x0A;Find objects by name: Ctrl+F&#x0A;Hooks the selected package nodes to the selected port as negative poles: Alt+N&#x0A;Hooks the selected package nodes to the selected port as positive poles: Alt+P&#x0A;Identify victim objects: Ctrl+F9&#x0A;Move the selected objects: Ctrl+G&#x0A;Copy the selected objects: Ctrl+C&#x0A;Select shape, component, trace, via and/or node: Ctrl+Q&#x0A;Set flag of outputing temp file: Ctrl+F3&#x0A;Show/Hide overlap voltage distribution: Ctrl+Shift+D&#x0A;Redo: Ctrl+Y&#x0A;Undo: Ctrl+Z&#x0A;Set flag of copying object by different net: Ctrl+F12&#x0A;Toggle displaying trace as flat terminal: Ctrl+R&#x0A;Show/Hide Triangle Mesh: Ctrl+Shift+M&#x0A;Show/Hide outline of geometry: Ctrl+Shift+O&#x0A;Show/Hide trace break point: Ctrl+B&#x0A;Toggle using partial selection rule: F11&#x0A;Zoom in selected area: F2&#x0A;Zoom back: F3&#x0A;Zoom in: F4&#x0A;Zoom out: F5&#x0A;Zoom selected items: F7&#x0A;Creates, modifies circuit definitions; Links circuit nodes to package nodes: Alt+C&#x0A;Set up the options: Alt+O&#x0A;Opens the net manager dialog box: Ctrl+Alt+N&#x0A;Show or hide the workflow pane: Alt+W&#x0A;Opens the layer selection dialog box: Alt+L&#x0A;Show or hide the output pane: Alt+U&#x0A;</AccelTable-->
	</Page>

</Group>


<Group Name = "Layout">
	<Page Name = "GridAndUnit">
		<LayoutUnit>mm</LayoutUnit>
		<SnapToGrid>false</SnapToGrid>
		<XGridSize>1</XGridSize>
		<YGridSize>1</YGridSize>
	</Page>

	<Page Name = "View">
		<ObjectOutLineColor>8421504</ObjectOutLineColor>
		<ObjectOutLineColorName>GRAY</ObjectOutLineColorName>
		<LayerOpacity>50</LayerOpacity>
		<RulerFont>Height:-11,Width:0,Escapement:0,Orientation:0,Weight:400,Italic:false,Underline:false,StrikeOut:false,CharSet:1,OutPrecision:0,ClipPrecision:0,Quality:0,PitchAndFamily:0,FaceName:Arial</RulerFont>
		<TraceColor>BLUE</TraceColor>
		<ViaColor>GREEN</ViaColor>
		<PlaneColor>LIME</PlaneColor>
		<LayoutBKColor>true</LayoutBKColor>
		<LayoutLightness>-25</LayoutLightness>
	</Page>

	<Page Name = "Processing">
		<PolygonSimplificationThreshold_m>0.0001</PolygonSimplificationThreshold_m>
		<MarginForCutByNets_m>0.01</MarginForCutByNets_m>
		<SmoothFactorForCutByNets_m>0.2</SmoothFactorForCutByNets_m>
		<AutoViaConnection>false</AutoViaConnection>
		<ThermalTracePadTraceToShapeFactor>2</ThermalTracePadTraceToShapeFactor>
		<ThermalTracePadShapeToShapeThreshold>0.001</ThermalTracePadShapeToShapeThreshold>
		<ViaAntipadSearchFactor>2</ViaAntipadSearchFactor>
		<ViaAntipadDistanceRangeFactor>1.1</ViaAntipadDistanceRangeFactor>
		<ConvertDIMMFingerPadToTraces>false</ConvertDIMMFingerPadToTraces>
		<MaxPadSize>-1</MaxPadSize>
		<MaxPadSizeRelative>-1</MaxPadSizeRelative>
		<MinShapeSize>-1</MinShapeSize>
		<ApplyToPwrGndNets>true</ApplyToPwrGndNets>
		<ApplyToSignalNets>true</ApplyToSignalNets>
	</Page>

	<Page Name = "Trace">
		<TrapezoidalTraceAngle_d>90</TrapezoidalTraceAngle_d>
		<ConductorRoughnessRootMeanSquare>0</ConductorRoughnessRootMeanSquare>
		<IsHalfSmoothConductor>false</IsHalfSmoothConductor>
		<DefaultPercentageCoupling>2</DefaultPercentageCoupling>
		<DefaultRiseTime>100</DefaultRiseTime>
	</Page>

	<Page Name = "ErrorChecking">
		<FloatingNodes>false</FloatingNodes>
		<InvalidVoltageObservation>false</InvalidVoltageObservation>
		<ShortCircuit>false</ShortCircuit>
		<OpenCircuit>false</OpenCircuit>
		<InvalidCircuitvoltageobservation>false</InvalidCircuitvoltageobservation>
		<ShowErrorsOnLayout>true</ShowErrorsOnLayout>
		<PopupShortCircuitsFound>true</PopupShortCircuitsFound>
	</Page>

	<Page Name = "Translator">
		<TranslateMixedLayerTo>Plane or Signal</TranslateMixedLayerTo>
		<IncludeEtchNoNetNames>true</IncludeEtchNoNetNames>
		<RemoveNonFunctionalPads>1</RemoveNonFunctionalPads>
		<TreatAntipadAsVoids>false</TreatAntipadAsVoids>
		<TreatPadOnDielectricLayerAsDrill>false</TreatPadOnDielectricLayerAsDrill>
		<PartialCktNameBaseOnPartNo>true</PartialCktNameBaseOnPartNo>
		<UseCustomPartialCktName>false</UseCustomPartialCktName>
		<TraceLimitLength>0</TraceLimitLength>
		<MaxArcSegLength>0.0002</MaxArcSegLength>
		<PlatingThickness>0</PlatingThickness>
		<ComponentOutline>true</ComponentOutline>
		<IncludeOutline>false</IncludeOutline>
		<CreateZeroDrillVia>false</CreateZeroDrillVia>
		<MetalLayerThicknessPlating>false</MetalLayerThicknessPlating>
		<ConvertStaticShape>false</ConvertStaticShape>
		<IgnoreComponentValue>false</IgnoreComponentValue>
		<FullContact4ThermalRelief>false</FullContact4ThermalRelief>
		<TranslateOnlyVoltageNets>false</TranslateOnlyVoltageNets>
		<UseVoltageToClassifyNet>false</UseVoltageToClassifyNet>
		<KeepPlatedMechPins>false</KeepPlatedMechPins>
		<AddDefaultBumps>false</AddDefaultBumps>
		<ShowSelectNetsDialog>false</ShowSelectNetsDialog>
		<ShowSelectVariantDialog>false</ShowSelectVariantDialog>
		<UseVoidPatternForLargeXhatchShape>false</UseVoidPatternForLargeXhatchShape>
		<UseBackdrillInDesign>true</UseBackdrillInDesign>
		<SaveDesignToSpdxFile>false</SaveDesignToSpdxFile>
	</Page>

</Group>


<Group Name = "3DLayoutView">
	<Page Name = "Display">
		<BackgroundColor>0xD2DCE6</BackgroundColor>
		<LineColor>BLACK</LineColor>
		<NodeColor>0x2CCCD3</NodeColor>
		<SelectedNodeColor>0xFF4616</SelectedNodeColor>
		<AntiPadDisplay>Outline</AntiPadDisplay>
		<WalkPace_um_Step>50</WalkPace_um_Step>
		<CameraDistance_um>500</CameraDistance_um>
		<CameraAngle_d>50</CameraAngle_d>
	</Page>

	<Page Name = "Quality">
		<CurrentQuality>MediumHigh</CurrentQuality>
		<CustomizedQuality>false</CustomizedQuality>
		<PkgElementPrecision>2</PkgElementPrecision>
		<SimpleModelForAllStructures>false</SimpleModelForAllStructures>
		<SimpleModelForDisabledNets>false</SimpleModelForDisabledNets>
		<SimpleModelForInvisibleLayers>false</SimpleModelForInvisibleLayers>
		<SimpleModelAllButAtciveLayer>false</SimpleModelAllButAtciveLayer>
		<DisplayVoidsAsOutlines>false</DisplayVoidsAsOutlines>
	</Page>

</Group>


<Group Name = "BasicSimulation">
	<Page Name = "General">
		<AutoSaveResult>true</AutoSaveResult>
		<AutoSaveWorkspace>true</AutoSaveWorkspace>
		<AutoOutputPassiveFile>false</AutoOutputPassiveFile>
		<AutoCheckSparaByBBS>false</AutoCheckSparaByBBS>
		<AutoSaveDistribution>false</AutoSaveDistribution>
		<MaxCPU>8</MaxCPU>
		<MaxCPUPer>100</MaxCPUPer>
		<CPUNumOrPer>false</CPUNumOrPer>
		<AutoGenSaveReport>false</AutoGenSaveReport>
		<ProcessPriority>Normal</ProcessPriority>
		<SparamFreqRangeOutOfSimulationRange>-1</SparamFreqRangeOutOfSimulationRange>
		<SmtpServer>:@</SmtpServer>
		<AutoSaveExtracedSuCircuitToAmmLib>false</AutoSaveExtracedSuCircuitToAmmLib>
	</Page>

	<Page Name = "NetAndCoupling">
		<KeepShapesOfDisabledNets>false</KeepShapesOfDisabledNets>
		<UseGroupedPinsInMCPHeader>false</UseGroupedPinsInMCPHeader>
		<DisableCPLSimulation>true</DisableCPLSimulation>
	</Page>

	<Page Name = "NetworkParameters">
		<PowerNetPortImpedance>0.1</PowerNetPortImpedance>
		<SignalNetPortImpedance>50</SignalNetPortImpedance>
		<OutputFormat>305</OutputFormat>
		<VirtuosoSDECompatibility>0</VirtuosoSDECompatibility>
		<AutoSavePartialResults>false</AutoSavePartialResults>
	</Page>

	<Page Name = "SpecialVoid">
		<DoglegHoleThreshold_m>0.0001</DoglegHoleThreshold_m>
		<ThermalHoleThreshold_m>0.0001</ThermalHoleThreshold_m>
		<SmallHoleThreshold_m>0.0001</SmallHoleThreshold_m>
		<ViaHoleThreshold_m>0.0001</ViaHoleThreshold_m>
		<AutoSpecialVoid>false</AutoSpecialVoid>
		<SlenderHoleAreaThreshold>0</SlenderHoleAreaThreshold>
		<SlenderHoleSizeThreshold>0</SlenderHoleSizeThreshold>
	</Page>

	<Page Name = "SpecialVoid_3DFEM">
		<DoglegHoleThreshold_m_3DFEM>0</DoglegHoleThreshold_m_3DFEM>
		<ThermalHoleThreshold_m_3DFEM>0</ThermalHoleThreshold_m_3DFEM>
		<SmallHoleThreshold_m_3DFEM>0</SmallHoleThreshold_m_3DFEM>
		<ViaHoleThreshold_m_3DFEM>0</ViaHoleThreshold_m_3DFEM>
		<SlenderHoleAreaThreshold_m_3DFEM>0</SlenderHoleAreaThreshold_m_3DFEM>
		<SlenderHoleSizeThreshold_m_3DFEM>0</SlenderHoleSizeThreshold_m_3DFEM>
	</Page>

	<Page Name = "AutoResultSaving">
		<AutoSaveSimulationResult>true</AutoSaveSimulationResult>
		<AutoSaveSimulationResultTable>true</AutoSaveSimulationResultTable>
		<AutoSave3DDistributionPlots>false</AutoSave3DDistributionPlots>
		<AutoExportDist2Txt>false</AutoExportDist2Txt>
		<AutoSaveDistributionPlots>false</AutoSaveDistributionPlots>
		<SaveVoltageDistributionPlot>false</SaveVoltageDistributionPlot>
		<SavePlaneCurrentDensityPlot>false</SavePlaneCurrentDensityPlot>
		<SavePlanePowerDensityPlot>false</SavePlanePowerDensityPlot>
		<SavePowerLossPlot>false</SavePowerLossPlot>
		<SavePinIRdropPlot>false</SavePinIRdropPlot>
		<SavePinResistPlot>false</SavePinResistPlot>
		<SaveTemperaturePlot>false</SaveTemperaturePlot>
		<AutoSaveSignOffReport>true</AutoSaveSignOffReport>
		<DisableSavingResult2OutputDirectory>true</DisableSavingResult2OutputDirectory>
		<ProcessPriority>Normal</ProcessPriority>
	</Page>

	<Page Name = "EnhancedCktTopo">
		<EnhancedCircuitTopo>false</EnhancedCircuitTopo>
	</Page>

	<Page Name = "OutPutSInTouchStone">
		<S_in_Touchstone>false</S_in_Touchstone>
		<S_in_AFS>false</S_in_AFS>
	</Page>

	<Page Name = "Radiation">
	</Page>

	<Page Name = "PlaneWaveSource">
		<E0ValueForPlaneWaveSource>0</E0ValueForPlaneWaveSource>
		<ThetaValueForPlaneWaveSource>0</ThetaValueForPlaneWaveSource>
		<PhiValueForPlaneWaveSource>0</PhiValueForPlaneWaveSource>
		<AngleE0ValueForPlaneWaveSource>0</AngleE0ValueForPlaneWaveSource>
	</Page>

	<Page Name = "SimulationReport">
		<HTMLTemplate>C:\Cadence\Sigrity2022.1\share\library\template\PowerDC\PowerDC_Report_Template_Default.htm</HTMLTemplate>
		<SpdFileNameAndLocation>true</SpdFileNameAndLocation>
		<BoardStackup>true</BoardStackup>
		<LayoutTopBottomLayerView>true</LayoutTopBottomLayerView>
		<SimulationSetup>true</SimulationSetup>
		<ResultTable>true</ResultTable>
		<ResistanceMeasurement>false</ResistanceMeasurement>
		<BlockDiagram>true</BlockDiagram>
		<ActualVoltage>true</ActualVoltage>
		<VoltageReferringToVrm>true</VoltageReferringToVrm>
		<Current>true</Current>
		<IRDropSimulated>true</IRDropSimulated>
		<Specification>true</Specification>
		<PassFail>true</PassFail>
		<ViaInformation>true</ViaInformation>
		<ViaMaxNumber>100</ViaMaxNumber>
		<PlaneInformation>true</PlaneInformation>
		<PlaneMaxNumber>50</PlaneMaxNumber>
		<TraceInformation>true</TraceInformation>
		<TraceMaxNumber>100</TraceMaxNumber>
		<VoltagePlot>true</VoltagePlot>
		<CurrentDensityPlot>false</CurrentDensityPlot>
		<CurrentPlot>false</CurrentPlot>
		<PowerLossPlot>false</PowerLossPlot>
		<PowerDensityPlot>false</PowerDensityPlot>
		<IRropPlot>false</IRropPlot>
		<PinResistancePlot>false</PinResistancePlot>
		<OnePlotForEachPGNet>false</OnePlotForEachPGNet>
		<ZoomFitOnPlot>false</ZoomFitOnPlot>
		<ManuallyCapturePlot>false</ManuallyCapturePlot>
		<TemperaturePlot>false</TemperaturePlot>
		<HeatFluxPlot>false</HeatFluxPlot>
		<ConductivityPlot>false</ConductivityPlot>
		<FusionCurrentDensityPlot>false</FusionCurrentDensityPlot>
		<MeanTimeToFailurePlot>false</MeanTimeToFailurePlot>
		<DisplacementPlot>false</DisplacementPlot>
		<StressPlot>false</StressPlot>
		<VerticalRangeControl>false</VerticalRangeControl>
		<VerticalRangeScale>false</VerticalRangeScale>
		<Sacle>85</Sacle>
		<ShowPlotsBelowScale>false</ShowPlotsBelowScale>
		<UseNominalVoltage>false</UseNominalVoltage>
		<AreaBase>false</AreaBase>
		<ShowHotSpots>false</ShowHotSpots>
		<ShowColdSpots>false</ShowColdSpots>
		<IgnoreLayersWithoutPlane>false</IgnoreLayersWithoutPlane>
	</Page>

	<Page Name = "OutputSPICECircuit">
		<NetNameIncludeInCircuitNodeName>false</NetNameIncludeInCircuitNodeName>
		<PowerGndHasPartialInductance>false</PowerGndHasPartialInductance>
		<KeepAllCouplingTermsToPowerNets>false</KeepAllCouplingTermsToPowerNets>
		<ExportLCMatrices>false</ExportLCMatrices>
		<OutputIBISPkgFileForMultiDiePkg>false</OutputIBISPkgFileForMultiDiePkg>
		<NotOutputT_PI_SpiceModel>true</NotOutputT_PI_SpiceModel>
		<IncludeDecapsInSpiceCkt>false</IncludeDecapsInSpiceCkt>
		<PinBasedRefPinsHasPartialInductance>false</PinBasedRefPinsHasPartialInductance>
		<CktNodeNameFormat>false</CktNodeNameFormat>
		<SPEFRCModel>false</SPEFRCModel>
		<VirtuSDPCompatible>false</VirtuSDPCompatible>
		<PinbasedPrecision>0</PinbasedPrecision>
		<SpecifyFreqTables>false</SpecifyFreqTables>
		<Pinbased_DCR_Series>false</Pinbased_DCR_Series>
		<Pinbased_Ignore_Self_MutualL>0</Pinbased_Ignore_Self_MutualL>
		<EnableDCAccurateMode>0</EnableDCAccurateMode>
		<Pinbased_output_PerpinTable>0</Pinbased_output_PerpinTable>
	</Page>

</Group>


<Group Name = "AdvancedSimulation">
	<Page Name = "Temperature">
		<Temperature>25</Temperature>
	</Page>

	<Page Name = "TreatPasAsShape">
		<TreatPasAsShape>Partial Pads as Shape</TreatPasAsShape>
		<ConnectObject>true</ConnectObject>
		<CheckArea>false</CheckArea>
		<Area>0</Area>
		<CheckAutoAddPinSize>false</CheckAutoAddPinSize>
		<CheckAutoAddNodesOnPads>true</CheckAutoAddNodesOnPads>
		<NodeGapForPad>5.08e-05</NodeGapForPad>
	</Page>

	<Page Name = "Mesh">
		<MaxMeshEdgeLength_m>0.005</MaxMeshEdgeLength_m>
		<SimplifyGeometry>true</SimplifyGeometry>
		<AlignGeometry>false</AlignGeometry>
		<AlignAbsorb>1e-06</AlignAbsorb>
		<CoarseMesh>false</CoarseMesh>
		<Enable3DVia>true</Enable3DVia>
		<Mesh3DViaSize>0.00032</Mesh3DViaSize>
		<EnableSolidViasOnly>true</EnableSolidViasOnly>
		<EnableAdaptiveMesh>false</EnableAdaptiveMesh>
		<MeshIterationNumber>5</MeshIterationNumber>
		<TopLargestPowerLossElements>1</TopLargestPowerLossElements>
		<MeshDisplay>false</MeshDisplay>
	</Page>

	<Page Name = "Thermal">
		<ThermalTemperature>25</ThermalTemperature>
		<ThermalTempUseDefined>false</ThermalTempUseDefined>
		<ThermalTempPCBTopValueOrFile>true</ThermalTempPCBTopValueOrFile>
		<ThermalTempPCBTopVal>25</ThermalTempPCBTopVal>
		<ThermalTempPCBBottomValueOrFile>true</ThermalTempPCBBottomValueOrFile>
		<ThermalTempPCBBottomVal>25</ThermalTempPCBBottomVal>
		<ThermalAirVelocity>0</ThermalAirVelocity>
		<ThermalVelUseDefined>false</ThermalVelUseDefined>
		<ThermalTempPCBTopValueOrFile>true</ThermalTempPCBTopValueOrFile>
		<ThermalTempPCBTopVal>0</ThermalTempPCBTopVal>
		<ThermalTempPCBBottomValueOrFile>true</ThermalTempPCBBottomValueOrFile>
		<ThermalTempPCBBottomVal>0</ThermalTempPCBBottomVal>
		<ThermalBoardOrientation>0</ThermalBoardOrientation>
		<ThermalUseDefined>false</ThermalUseDefined>
		<ThermalHTC0UseDefined>false</ThermalHTC0UseDefined>
		<ThermalHTCPCBBottomValueOrFile>true</ThermalHTCPCBBottomValueOrFile>
		<ThermalHTCPCBBottomValue>0</ThermalHTCPCBBottomValue>
		<ThermalHTC1UseDefined>false</ThermalHTC1UseDefined>
		<ThermalHTCPCBTopValueOrFile>true</ThermalHTCPCBTopValueOrFile>
		<ThermalHTCPCBTopValue>0</ThermalHTCPCBTopValue>
		<ThermalHTC2UseDefined>false</ThermalHTC2UseDefined>
		<ThermalHTCPKGTop>0</ThermalHTCPKGTop>
		<ThermalHTC3UseDefined>false</ThermalHTC3UseDefined>
		<ThermalHTCPKGSide>0</ThermalHTCPKGSide>
	</Page>

	<Page Name = "SpecialHandling">
		<AllowNegativeElement>false</AllowNegativeElement>
		<AFSMultiThreadMatrixSolver>false</AFSMultiThreadMatrixSolver>
		<AutoGenInterComp>false</AutoGenInterComp>
		<DefaultResistance>0.01</DefaultResistance>
		<DisableDiscreteBetweenPowerAndGround>false</DisableDiscreteBetweenPowerAndGround>
		<PowerGroundResistanceThreshold>10</PowerGroundResistanceThreshold>
		<EnableSinkBetweenPowerNets>false</EnableSinkBetweenPowerNets>
		<RemoveLargeResistance>false</RemoveLargeResistance>
		<LargeResistanceSize>1e+06</LargeResistanceSize>
		<TraceNetSel>All Enabled Nets</TraceNetSel>
		<TraceWidth>0</TraceWidth>
		<EnableAutoGenerateTwoPinDiscrete>true</EnableAutoGenerateTwoPinDiscrete>
		<ByPassYesNoCancel>0</ByPassYesNoCancel>
		<SinkPassFailRules>Use sink nominal voltage and sink lower tolerance only</SinkPassFailRules>
		<IgnoreAllCurrentSource>false</IgnoreAllCurrentSource>
		<EnableTopFloating>false</EnableTopFloating>
		<EnableBottomFloating>false</EnableBottomFloating>
		<TopFloatingDistance>1e-05</TopFloatingDistance>
		<BottomFloatingDistance>1e-05</BottomFloatingDistance>
		<AFSConvergenceCriteria>0.0003</AFSConvergenceCriteria>
		<ReusePreFreqPts>false</ReusePreFreqPts>
	</Page>

	<Page Name = "AccuracyMode">
		<EnableAccuracyMode>true</EnableAccuracyMode>
	</Page>

</Group>


<Group Name = "AdvancedOptimization">
	<Page Name = "TerminationCriteria">
		<MaxIterationNumber>500</MaxIterationNumber>
		<Tolerance>0.01</Tolerance>
		<RefreshTime_Mins>180</RefreshTime_Mins>
	</Page>

	<Page Name = "MaxDecaps">
		<MaxDecaps>100</MaxDecaps>
	</Page>

	<Page Name = "ExtractionFrequency">
		<ExtractFreq>1e+06</ExtractFreq>
	</Page>

	<Page Name = "OtherOptions">
		<ShowImpedance>false</ShowImpedance>
		<ShowOptimizationHistory>false</ShowOptimizationHistory>
		<ResumeOptimization>false</ResumeOptimization>
		<ImpedanceMeasure>true</ImpedanceMeasure>
		<AutoWeighting>true</AutoWeighting>
		<AutoLoadCorporate>true</AutoLoadCorporate>
		<OptimizationType>true</OptimizationType>
		<EnableDefaultCurveProperty>false</EnableDefaultCurveProperty>
		<DefaultImpedanceCurveProperty>Type:2,Color:0x2CCCD3,LineStyle:0,LineWidth:2,MarkRadtio:0,MarkType:0,Pattern:0,MarkInterval:0,Type:3,Color:0x2CCCD3,LineStyle:0,LineWidth:2,MarkRadtio:0,MarkType:0,Pattern:0,MarkInterval:0,Type:4,Color:DEEPSKYBLUE,LineStyle:1,LineWidth:2,MarkRadtio:0,MarkType:0,Pattern:0,MarkInterval:0,Type:5,Color:DARKMAGENTA,LineStyle:2,LineWidth:2,MarkRadtio:0,MarkType:1,Pattern:0,MarkInterval:2,Name:Impedance</DefaultImpedanceCurveProperty>
		<DefaultTargetZCurveProperty>Type:2,Color:0xFF4616,LineStyle:0,LineWidth:2,MarkRadtio:0,MarkType:0,Pattern:0,MarkInterval:0,Type:3,Color:0xFF4616,LineStyle:0,LineWidth:2,MarkRadtio:0,MarkType:0,Pattern:0,MarkInterval:0,Type:4,Color:0xFF4616,LineStyle:1,LineWidth:2,MarkRadtio:0,MarkType:0,Pattern:0,MarkInterval:0,Type:5,Color:0xFF4616,LineStyle:2,LineWidth:2,MarkRadtio:0,MarkType:1,Pattern:0,MarkInterval:2,Name:Impedance</DefaultTargetZCurveProperty>
		<DefaultVrmCurveProperty>Type:2,Color:LIME,LineStyle:0,LineWidth:2,MarkRadtio:0,MarkType:0,Pattern:0,MarkInterval:0,Type:3,Color:LIME,LineStyle:0,LineWidth:2,MarkRadtio:0,MarkType:0,Pattern:0,MarkInterval:0,Type:4,Color:0xA020F0,LineStyle:1,LineWidth:2,MarkRadtio:0,MarkType:0,Pattern:0,MarkInterval:0,Type:5,Color:HOTPINK,LineStyle:2,LineWidth:2,MarkRadtio:0,MarkType:1,Pattern:0,MarkInterval:2,Name:Impedance</DefaultVrmCurveProperty>
	</Page>

</Group>


<Group Name = "InternalOptions">
	<Page Name = "FloatingOperationPrecision">
		<GeometricObjectPrecisionExp>7</GeometricObjectPrecisionExp>
	</Page>

</Group>


</Options>
